[{"id":"user-image-image-7.png","fileName":"image-7.png","name":"image-7","publicUrl":"https://assets.nicepagecdn.com/0f02357e/6307520/images/image-7.png","size":969673,"hash":"JEgjnkbPXTfarR/K2CpUBPN1mUI=","width":1557,"height":784,"folderId":null,"thumbnail":{"url":"https://assets.nicepagecdn.com/0f02357e/6307520/images/thumbnails/image-7.png","width":150,"height":76},"usages":["31186696"]},{"id":"user-image-image-6.png","fileName":"image-6.png","name":"image-6","publicUrl":"https://assets.nicepagecdn.com/0f02357e/6307520/images/image-6.png","size":531384,"hash":"oL+0YucYtGy4Vd/K0+vxbZRrFVA=","width":676,"height":573,"folderId":null,"thumbnail":{"url":"https://assets.nicepagecdn.com/0f02357e/6307520/images/thumbnails/image-6.png","width":150,"height":127},"usages":["31186696"]},{"id":"user-image-image-5.png","fileName":"image-5.png","name":"image-5","publicUrl":"https://assets.nicepagecdn.com/0f02357e/6307520/images/image-5.png","size":2163793,"hash":"X2J2ZEkm1ryC0yMfLUIdcGAAZbI=","width":1500,"height":1500,"folderId":null,"thumbnail":{"url":"https://assets.nicepagecdn.com/0f02357e/6307520/images/thumbnails/image-5.png","width":150,"height":150},"usages":["31186696"]},{"id":"user-image-image-4.png","fileName":"image-4.png","name":"image-4","publicUrl":"https://assets.nicepagecdn.com/0f02357e/6307520/images/image-4.png","size":159601,"hash":"/GsfXWCQhWW/ut2bafKJu875uwg=","width":1250,"height":675,"folderId":null,"thumbnail":{"url":"https://assets.nicepagecdn.com/0f02357e/6307520/images/thumbnails/image-4.png","width":150,"height":81},"usages":["18414877"]},{"id":"user-image-image-3.png","fileName":"image-3.png","name":"image-3","publicUrl":"https://assets.nicepagecdn.com/0f02357e/6307520/images/image-3.png","size":2979684,"hash":"I86NusESD4fKd2LmMcuBOl9083s=","width":1920,"height":1080,"folderId":null,"thumbnail":{"url":"https://assets.nicepagecdn.com/0f02357e/6307520/images/thumbnails/image-3.png","width":150,"height":84},"usages":["31186696"]},{"id":"user-image-image-2.png","fileName":"image-2.png","name":"image-2","publicUrl":"https://assets.nicepagecdn.com/0f02357e/6307520/images/image-2.png","size":2535916,"hash":"eUn8TOM2+NpkriYjOIK13WZOWvw=","width":1640,"height":924,"folderId":null,"thumbnail":{"url":"https://assets.nicepagecdn.com/0f02357e/6307520/images/thumbnails/image-2.png","width":150,"height":85},"usages":["31186696"]},{"id":"user-image-image-1.png","fileName":"image-1.png","name":"image-1","publicUrl":"https://assets.nicepagecdn.com/0f02357e/6307520/images/image-1.png","size":3010123,"hash":"pU2nLNSw97GsTWg8bU9NLbJftdk=","width":1640,"height":924,"folderId":null,"thumbnail":{"url":"https://assets.nicepagecdn.com/0f02357e/6307520/images/thumbnails/image-1.png","width":150,"height":85},"usages":["31186696"]},{"id":"user-image-image.png","fileName":"image.png","name":"image","publicUrl":"https://assets.nicepagecdn.com/0f02357e/6307520/images/image.png","size":3010123,"hash":"pU2nLNSw97GsTWg8bU9NLbJftdk=","width":1640,"height":924,"folderId":null,"thumbnail":{"url":"https://assets.nicepagecdn.com/0f02357e/6307520/images/thumbnails/image.png","width":150,"height":85},"usages":[]},{"id":"user-image-SSC.jpg","publicUrl":"https://assets.nicepagecdn.com/0f02357e/6307520/images/SSC.jpg","size":56972,"hash":"sX7G5NksWRLVf2oYwjjB9s78ysw=","fileName":"SSC.jpg","name":"SSC","width":500,"height":500,"folderId":null,"usages":["92391261","18414877","250221606"],"thumbnail":{"url":"https://assets.nicepagecdn.com/0f02357e/6307520/images/SSC.jpg","width":500,"height":500}},{"id":"user-image-381127775_971918350585908_1246472576708869429_n-removebg-preview.png","publicUrl":"https://assets.nicepagecdn.com/0f02357e/6307520/images/381127775_971918350585908_1246472576708869429_n-removebg-preview.png","size":148225,"hash":"KbwyYXsXh5MuqETyf/jrZ9LFJ60=","fileName":"381127775_971918350585908_1246472576708869429_n-removebg-preview.png","name":"381127775_971918350585908_1246472576708869429_n-removebg-preview","width":375,"height":666,"folderId":null,"usages":["250221606"],"thumbnail":{"url":"https://assets.nicepagecdn.com/0f02357e/6307520/images/381127775_971918350585908_1246472576708869429_n-removebg-preview.png","width":375,"height":666}},{"id":"user-image-381032474_179664941822736_830562424588493888_n-removebg-preview.png","publicUrl":"https://assets.nicepagecdn.com/0f02357e/6307520/images/381032474_179664941822736_830562424588493888_n-removebg-preview.png","size":145522,"hash":"3kjCzDfcGlpfJ+ViEFFlWhVDGfE=","fileName":"381032474_179664941822736_830562424588493888_n-removebg-preview.png","name":"381032474_179664941822736_830562424588493888_n-removebg-preview","width":432,"height":577,"folderId":null,"usages":["250221606"],"thumbnail":{"url":"https://assets.nicepagecdn.com/0f02357e/6307520/images/381032474_179664941822736_830562424588493888_n-removebg-preview.png","width":432,"height":577}},{"id":"user-image-336837643_226893586517847_5200161141698965515_n-removebg-preview.png","publicUrl":"https://assets.nicepagecdn.com/0f02357e/6307520/images/336837643_226893586517847_5200161141698965515_n-removebg-preview.png","size":138116,"hash":"I8m9jisoawmz61k0yWNufmP2axM=","fileName":"336837643_226893586517847_5200161141698965515_n-removebg-preview.png","name":"336837643_226893586517847_5200161141698965515_n-removebg-preview","width":433,"height":577,"folderId":null,"usages":["250221606"],"thumbnail":{"url":"https://assets.nicepagecdn.com/0f02357e/6307520/images/336837643_226893586517847_5200161141698965515_n-removebg-preview.png","width":433,"height":577}},{"id":"user-image-337848769_3438730266345345_6644481316094438347_n-removebg-preview.png","publicUrl":"https://assets.nicepagecdn.com/0f02357e/6307520/images/337848769_3438730266345345_6644481316094438347_n-removebg-preview.png","size":170961,"hash":"XcrCJOWDT3oSQ48IkMLjR2juJ0M=","fileName":"337848769_3438730266345345_6644481316094438347_n-removebg-preview.png","name":"337848769_3438730266345345_6644481316094438347_n-removebg-preview","width":462,"height":540,"folderId":null,"usages":["250221606"],"thumbnail":{"url":"https://assets.nicepagecdn.com/0f02357e/6307520/images/337848769_3438730266345345_6644481316094438347_n-removebg-preview.png","width":462,"height":540}}]