[{"id":219916453,"title":"Blog Template","order":1,"templateKey":"blog","customTemplate":false,"customTemplateFilename":null,"pageLinks":[],"dateCreated":"2024-07-23T06:05:49.317Z","dateUpdated":"2024-07-23T06:05:51.203Z","folderId":null,"pageName":"Blog Template","sectionCount":1,"status":2},{"id":76821651,"title":"Post Template","order":2,"templateKey":"post","customTemplate":false,"customTemplateFilename":null,"pageLinks":[],"dateCreated":"2024-07-23T06:05:49.533Z","dateUpdated":"2024-07-23T06:05:51.203Z","folderId":null,"pageName":"Post Template","sectionCount":1,"status":2},{"id":583224154,"title":"Product List Template","order":3,"templateKey":"products","customTemplate":false,"customTemplateFilename":null,"pageLinks":[],"dateCreated":"2024-07-23T06:05:49.693Z","dateUpdated":"2024-07-23T06:05:51.204Z","folderId":null,"pageName":"Product List Template","sectionCount":1,"status":2},{"id":14632703,"title":"Product Details Template","order":4,"templateKey":"product","customTemplate":false,"customTemplateFilename":null,"pageLinks":[],"dateCreated":"2024-07-23T06:05:49.891Z","dateUpdated":"2024-07-23T06:05:51.204Z","folderId":null,"pageName":"Product Details Template","sectionCount":1,"status":2},{"id":88256098,"title":"Shopping Cart Template","order":5,"templateKey":"cart","customTemplate":false,"customTemplateFilename":null,"pageLinks":[],"dateCreated":"2024-07-23T06:05:50.146Z","dateUpdated":"2024-07-23T06:05:51.204Z","folderId":null,"pageName":"Shopping Cart Template","sectionCount":1,"status":2},{"id":292110783,"title":"Checkout Template","order":6,"templateKey":"checkout","customTemplate":false,"customTemplateFilename":null,"pageLinks":[],"dateCreated":"2024-07-23T06:05:50.385Z","dateUpdated":"2024-07-23T06:05:51.204Z","folderId":null,"pageName":"Checkout Template","sectionCount":1,"status":2},{"id":248927904,"title":"Login Template","order":7,"templateKey":"login","customTemplate":false,"customTemplateFilename":null,"pageLinks":[],"dateCreated":"2024-07-23T06:05:50.523Z","dateUpdated":"2024-07-23T06:05:51.205Z","folderId":null,"pageName":"Login Template","sectionCount":1,"status":2},{"id":2721602671,"title":"Page Password Template","order":8,"templateKey":"password","customTemplate":false,"customTemplateFilename":null,"pageLinks":[],"dateCreated":"2024-07-23T06:05:50.610Z","dateUpdated":"2024-07-23T06:05:51.205Z","folderId":null,"pageName":"Page Password Template","sectionCount":1,"status":2},{"id":19716059,"title":"404 Not Found Template","order":9,"templateKey":"404","customTemplate":false,"customTemplateFilename":null,"pageLinks":[],"dateCreated":"2024-07-23T06:05:50.693Z","dateUpdated":"2024-07-23T06:05:51.205Z","folderId":null,"pageName":"404 Not Found Template","sectionCount":1,"status":2},{"id":20088900,"title":"Thank You Page Template","order":10,"templateKey":"ThankYou","customTemplate":false,"customTemplateFilename":null,"pageLinks":[],"dateCreated":"2024-07-23T06:05:50.769Z","dateUpdated":"2024-07-23T06:05:51.205Z","folderId":null,"pageName":"Thank You Page Template","sectionCount":1,"status":2},{"id":250221606,"title":"Mission and Vision","order":50,"templateKey":null,"customTemplate":false,"customTemplateFilename":null,"pageLinks":[],"dateCreated":"2024-07-23T06:06:20.960Z","dateUpdated":"2024-08-15T11:09:57.143Z","folderId":null,"pageName":"Mission and Vision_250221606","sectionCount":3,"status":2},{"id":18414877,"title":"Home","order":51,"templateKey":null,"customTemplate":false,"customTemplateFilename":null,"pageLinks":["48414405"],"dateCreated":"2024-08-15T10:03:24.094Z","dateUpdated":"2024-08-22T05:12:38.015Z","folderId":null,"pageName":"Home_18414877","sectionCount":1,"status":2},{"id":31186696,"title":"Events","order":52,"templateKey":null,"customTemplate":false,"customTemplateFilename":null,"pageLinks":[],"dateCreated":"2024-08-15T10:03:41.280Z","dateUpdated":"2024-08-22T05:15:39.432Z","folderId":null,"pageName":"Events_31186696","sectionCount":5,"status":2},{"id":92391261,"title":"About Us","order":53,"templateKey":null,"customTemplate":false,"customTemplateFilename":null,"pageLinks":[],"dateCreated":"2024-08-15T10:03:44.746Z","dateUpdated":"2024-08-22T05:13:32.891Z","folderId":null,"pageName":"About Us_92391261","sectionCount":1,"status":2},{"id":70827496,"title":"Contact Us","order":54,"templateKey":null,"customTemplate":false,"customTemplateFilename":null,"pageLinks":[],"dateCreated":"2024-08-15T10:03:55.603Z","dateUpdated":"2024-08-22T02:18:27.216Z","folderId":null,"pageName":"Contact Us_70827496","sectionCount":1,"status":2},{"id":48414405,"title":"Learn More","order":55,"templateKey":null,"customTemplate":false,"customTemplateFilename":null,"pageLinks":[],"dateCreated":"2024-08-15T10:54:34.598Z","dateUpdated":"2024-08-15T11:16:08.961Z","folderId":null,"pageName":"Learn More_48414405","sectionCount":1,"status":2}]